{
    "matrix": {
      "rows": 4,
      "cols": 10
    },
    "lighting": "vialrgb",
    "layouts": {
      "keymap": [
          [
            {
              "rx": 6,
              "y": 3.7,
              "x": 4.550000000000001,
              "w2": 1.5
            },
            "3,9"
          ],
          [
            {
              "rx": 6.5,
              "y": 0.45,
              "x": -6.5
            },
            "0,0",
            {
              "x": 10.05
            },
            "0,9"
          ],
          [
            {
              "y": 0.050000000000000044,
              "x": -6.5
            },
            "1,0",
            {
              "x": 10.05
            },
            "1,9"
          ],
          [
            {
              "y": 0.04999999999999982,
              "x": -6.5
            },
            "2,0",
            {
              "x": 10.05
            },
            "2,9"
          ],
          [
            {
              "y": 0.1499999999999999,
              "x": -6.5,
              "w2": 1.5
            },
            "3,0"
          ],
          [
            {
              "r": 6,
              "y": -4,
              "x": -5.1
            },
            "0,1"
          ],
          [
            {
              "y": 0.050000000000000044,
              "x": -5.1
            },
            "1,1"
          ],
          [
            {
              "y": 0.04999999999999982,
              "x": -5.1
            },
            "2,1"
          ],
          [
            {
              "r": 10,
              "y": -3.05,
              "x": -3.8
            },
            "0,2"
          ],
          [
            {
              "y": 0.050000000000000044,
              "x": -3.8
            },
            "1,2"
          ],
          [
            {
              "y": 0.04999999999999982,
              "x": -3.8
            },
            "2,2"
          ],
          [
            {
              "r": 12,
              "y": -2.8,
              "x": -2.65
            },
            "0,3",
            {
              "x": 0.05000000000000071
            },
            "0,4"
          ],
          [
            {
              "y": 0.04999999999999982,
              "x": -2.65
            },
            "1,3",
            {
              "x": 0.04999999999999982
            },
            "1,4"
          ],
          [
            {
              "y": 0.04999999999999982,
              "x": -2.65
            },
            "2,3",
            {
              "x": 0.04999999999999982
            },
            "2,4"
          ],
          [
            {
              "y": 0.34999999999999964,
              "x": -3.15
            },
            "3,3",
            {
              "w2": 1.5
            },
            "3,4"
          ],
          [
            {
              "r": -12,
              "rx": 6,
              "y": 0.95,
              "x": 0.15000000000000036
            },
            "0,5",
            {
              "x": 0.04999999999999982
            },
            "0,6"
          ],
          [
            {
              "y": 0.050000000000000044,
              "x": 0.15000000000000036
            },
            "1,5",
            {
              "x": 0.04999999999999982
            },
            "1,6"
          ],
          [
            {
              "y": 0.04999999999999982,
              "x": 0.15000000000000036
            },
            "2,5",
            {
              "x": 0.04999999999999982
            },
            "2,6"
          ],
          [
            {
              "y": 0.34999999999999964,
              "x": 0.15000000000000036,
              "w2": 1.5
            },
            "3,5",
            {
              "x": 0.5
            },
            "3,6"
          ],
          [
            {
              "r": -10,
              "y": -4.75,
              "x": 2.3499999999999996
            },
            "0,7"
          ],
          [
            {
              "y": 0.050000000000000044,
              "x": 2.3499999999999996
            },
            "1,7"
          ],
          [
            {
              "y": 0.04999999999999982,
              "x": 2.3499999999999996
            },
            "2,7"
          ],
          [
            {
              "r": -6,
              "rx": 6.5,
              "y": 0.6,
              "x": 3.1500000000000004
            },
            "0,8"
          ],
          [
            {
              "y": 0.050000000000000044,
              "x": 3.1500000000000004
            },
            "1,8"
          ],
          [
            {
              "y": 0.04999999999999982,
              "x": 3.1500000000000004
            },
            "2,8"
          ]
        ]
    }
  }